22,acceldata,http://acceldata.io,N,https://github.com/orgs/acceldata-io/repositories,30,Y
28,Searchlight,https://www.searchlight.ai/,N,https://github.com/orgs/Searchlight/repositories,30,N
43,Neurosity,https://www.neurosity.co/,N,https://github.com/orgs/neurosity/repositories,30,N
45,Iterative.ai,https://iterative.ai,N,https://github.com/orgs/iterative/repositories,30,Y
62,Luxonis,https://www.luxonis.com,N,https://github.com/orgs/luxonis/repositories,30,Y
91,alwaysAI,http://www.alwaysai.co/,N,https://github.com/orgs/alwaysai/repositories,30,N
102,Cape Privacy,https://capeprivacy.com/,N,https://github.com/orgs/capeprivacy/repositories,30,N
112,Sorcero,http://www.sorcero.com,N,https://github.com/orgs/sorcero/repositories,30,Y
115,Dexai Robotics,https://www.dexai.com/,N,https://github.com/orgs/DexaiRobotics/repositories,30,Y
163,Apres,http://www.apres.io,N,https://github.com/orgs/Apress/repositories,30,N
235,Ai4,https://ai4.io,N,https://github.com/orgs/AI4Finance-Foundation/repositories,30,N
241,Auxon,https://auxon.io,N,https://github.com/orgs/auxoncorp/repositories,30,N
329,Riv,https://riv.co,N,https://github.com/orgs/rive-app/repositories,30,N
403,Hypergiant,http://hypergiant.com/,N,https://github.com/orgs/gohypergiant/repositories,30,Y
490,MLCommons,https://mlcommons.org/en/,N,https://github.com/orgs/mlcommons/repositories,30,N
566,Ampsight,https://www.ampsight.com,N,https://github.com/orgs/ampsight/repositories,30,N
608,Burt Intelligence,https://www.burtcorp.com,N,https://github.com/orgs/burtcorp/repositories,30,N
613,IoT/AI,https://iot.ai,N,https://github.com/orgs/NVIDIA-AI-IOT/repositories,30,N
747,Kibernetika.AI,https://kibernetika.ai/,N,https://github.com/orgs/kibernetika-ai//repositories,30,N
836,Method Data Science,http://www.methoddatascience.com,N,https://github.com/orgs/methoddatascience//repositories,30,Y
997,Symbl.ai,https://symbl.ai,N,https://github.com/orgs/symblai/repositories,30,Y
1005,Clockwork,https://clockwork.net,N,https://github.com/orgs/ClockworkNet/repositories,30,N
1014,Blitz App,https://blitz.gg/,N,https://github.com/orgs/theblitzapp/repositories,30,Y
1036,Merico,https://meri.co,N,https://github.com/orgs/merico-dev/repositories,30,N
1041,Pixie,https://pixielabs.ai/,N,https://github.com/orgs/pixielabs/repositories,30,N
1043,Scylla,https://scylla.ai,N,https://github.com/orgs/scylladb/repositories,30,N
1049,NimbleBox.ai,https://www.nimblebox.ai,N,https://github.com/orgs/NimbleBoxAI/repositories,30,N
1065,Streamlit,https://www.streamlit.io,N,https://github.com/orgs/streamlit/repositories,30,N
1184,Poppy AI,https://www.poppy.ai/,N,https://github.com/orgs/poppy-project//repositories,30,N
1312,Anyscale,https://anyscale.com,N,https://github.com/orgs/anyscale/repositories,30,Y
1318,OctoML,https://octoml.ai,N,https://github.com/orgs/octoml/repositories,30,Y
1324,CAST AI,https://www.cast.ai/,N,https://github.com/orgs/castai/repositories,30,Y
1328,Edge Impulse,https://www.edgeimpulse.com,N,https://github.com/orgs/edgeimpulse/repositories,30,Y
1337,Heartex,https://heartex.com/,N,https://github.com/orgs/heartexlabs/repositories,30,N
1354,Machina Labs,https://machinalabs.ai,N,https://github.com/orgs/Machinalabs//repositories,30,N
1387,Pactum,https://www.pactum.com/,N,https://github.com/orgs/pactum/repositories,30,N
1440,Saturn Cloud,https://www.saturncloud.io/,N,https://github.com/orgs/saturncloud/repositories,30,Y
1448,YData,https://ydata.ai,N,https://github.com/orgs/ydataai/repositories,30,Y
1476,Opora,https://www.opora.io/,N,https://github.com/orgs/OPORA/repositories,30,N
1517,Roboflow,https://roboflow.com/,N,https://github.com/orgs/Roboflow/repositories,30,Y
1534,Neu.ro Inc,https://neu.ro,N,https://github.com/orgs/neuro-inc/repositories,30,Y
1656,Watchout!AI,https://www.watchout.ai,N,https://github.com/orgs/watchout-tw/repositories,30,N
1765,SERP,https://serp.co,N,https://github.com/orgs/serpapi//repositories,30,N
1788,Persistence AI,https://www.persistence.ai/,N,https://github.com/orgs/persistenceOne/repositories,30,N
1984,Arrivu Technologies,https://www.arrivu.com,N,https://github.com/orgs/arrivu/repositories,30,N
1987,Tangible AI,http://www.tangibleai.com,N,https://github.com/orgs/tangibleai/repositories,30,Y
2000,Epik,http://www.epik.ai,N,https://github.com/orgs/EpiK-Protocol/repositories,30,N
2302,Modzy,https://www.modzy.com,N,https://github.com/orgs/modzy/repositories,30,Y
2313,Algoritmi Vision,https://plex.page/,N,https://github.com/orgs/plexinc/repositories,30,N
2391,Coiled,https://coiled.io/,N,https://github.com/orgs/coiled/repositories,30,Y
2468,Aftershoot,https://aftershoot.com,N,https://github.com/orgs/aftershootco/repositories,30,Y
2491,VESSL AI,https://vessl.ai/,N,https://github.com/orgs/vessl-ai/repositories,30,Y
2542,Precog Data,https://precog.com/,N,https://github.com/orgs/precog//repositories,30,Y
2585,Hammer Of The Gods,https://hotg.ai/,N,https://github.com/orgs/hotg-ai/repositories,30,N
2675,BlueHalo,https://www.bluehalo.com/,N,https://github.com/orgs/bluehalo//repositories,30,N
2775,Scrypt,https://scrypt.ai,N,https://github.com/orgs/sCrypt-Inc/repositories,30,N
748,QuantRocket,https://www.quantrocket.com/,N,https://github.com/orgs/quantrocket-llc/repositories,28,Y
2112,mederrata,https://www.mederrata.com,N,https://github.com/orgs/mederrata/repositories,28,N
2372,Viam,https://www.viam.com,N,https://github.com/orgs/viamrobotics/repositories,28,Y
1608,Teknoir,https://www.teknoir.ai/,N,https://github.com/orgs/teknoir/repositories,27,Y
1486,Logiq.ai,https://logiq.ai/,N,https://github.com/orgs/logiqai/repositories,26,Y
90,Activeloop,https://activeloop.ai,N,https://github.com/orgs/activeloopai/repositories,25,Y
1371,Beacon Biosignals,http://beacon.bio,N,https://github.com/orgs/ga4gh-beacon//repositories,25,N
1438,Anno.Ai,https://anno.ai/,N,https://github.com/orgs/anno-ai/repositories,25,Y
1844,Zeblok Computational,https://www.zeblok.com/,N,https://github.com/orgs/zeblok/repositories,25,N
2168,OneCampus Academy,https://www.onecampus.co,N,https://github.com/orgs/onecampus/repositories,25,N
50,rct AI,https://rct.ai/,N,https://github.com/orgs/rct-ai/repositories,24,Y
82,Kalepa,https://www.kalepa.com,N,https://github.com/orgs/Kalepa/repositories,24,Y
812,Trybe.ai,https://www.trybe.ai/,N,https://github.com/orgs/trybe/repositories,24,N
1015,Voxel51,https://voxel51.com/,N,https://github.com/orgs/voxel51/repositories,24,Y
1029,Station A,https://stationa.com,N,https://github.com/orgs/StationA//repositories,24,Y
2441,Compose.AI,http://www.compose-ai.com/,N,https://github.com/orgs/compose-ai/repositories,24,N
47,SupplyPike,https://www.supplypike.com,N,https://github.com/orgs/supplypike/repositories,23,N
7,Traceable,https://www.traceable.ai/,N,https://github.com/orgs/Traceableai/repositories,22,N
69,Carbon Robotics,https://carbonrobotics.com,N,https://github.com/orgs/carbonrobotics/repositories,22,N
440,Celerative,http://celerative.com,N,https://github.com/orgs/celerative/repositories,22,N
658,Woxi,https://woxi.io,N,https://github.com/orgs/woxiprogrammers/repositories,22,N
1401,Evolv AI,https://www.evolv.ai/,N,https://github.com/orgs/evolv-ai/repositories,22,Y
1407,WhyLabs,https://whylabs.ai/,N,https://github.com/orgs/whylabs/repositories,22,N
1412,CompScience,http://www.compscience.com,N,https://github.com/orgs/compsciencelab/repositories,22,N
1442,Viaduct,http://www.viaduct.ai,N,https://github.com/orgs/viaduct-ai/repositories,22,Y
1824,Grid.ai,https://www.grid.ai/,N,https://github.com/orgs/gridai/repositories,22,N
1374,Faros AI,https://www.faros.ai/,N,https://github.com/orgs/faros-ai/repositories,21,Y
1654,AICG,http://aicg.com,N,https://github.com/orgs/aicglabs/repositories,21,N
1272,NoviSystems Inc.,https://www.novi.systems,N,https://github.com/orgs/NoviSystems//repositories,20,N
1336,Baseten,https://www.baseten.co/,N,https://github.com/orgs/basetenlabs/repositories,20,N
157,Sisu,https://sisudata.com,N,https://github.com/orgs/sisudata/repositories,19,N
447,AutonomIQ,http://www.autonomiq.io,N,https://github.com/orgs/Autonomiq/repositories,19,N
762,9to5,http://www.9to5.ai,N,https://github.com/orgs/9to5/repositories,19,N
821,Lum AI,https://lum.ai,N,https://github.com/orgs/lum-ai/repositories,19,Y
385,DiscreetAI,https://www.discreetai.com/,N,https://github.com/orgs/DiscreetAI/repositories,18,N
764,RSquared AI,https://www.rsquared.ai/,N,https://github.com/orgs/rsquaredacademy//repositories,18,N
1665,MaiVERIC,https://maiveric.com,N,https://github.com/orgs/maiveric//repositories,18,N
1812,Pumas-AI,https://pumas.ai/,N,https://github.com/orgs/PumasAI/repositories,18,Y
2408,Semiotic AI,https://www.semiotic.ai/,N,https://github.com/orgs/semiotic-ai//repositories,18,N
2467,Nile AI,https://www.nile.ai,N,https://github.com/orgs/nileorg/repositories,18,N
2500,Spyn,http://www.spyn.ai/,N,https://github.com/orgs/spynai/repositories,18,N
147,Somatic,http://getsomatic.com,N,https://github.com/orgs/getsomatic//repositories,17,Y
717,SmartAssist,https://smartassist.io/,N,https://github.com/orgs/smartassistco/repositories,17,N
1237,Chainterra,https://www.chainterra.com/,N,https://github.com/orgs/ChainTerra/repositories,17,Y
1335,Horizon3.ai,https://www.horizon3.ai,N,https://github.com/orgs/horizon3ai//repositories,17,N
1379,Segmed,https://www.segmed.ai,N,https://github.com/orgs/segmed/repositories,17,Y
1419,Launchable,https://www.launchableinc.com/,N,https://github.com/orgs/launchableinc/repositories,17,N
1459,Sturdy,https://www.sturdy.ai,N,https://github.com/orgs/sturdy-dev/repositories,17,N
2167,ICOG,https://www.icog.ai/,N,https://github.com/orgs/iCogLabs/repositories,17,N
2767,Crypto Bank,https://www.crypto-bank.io/,N,https://github.com/orgs/crypto-bank//repositories,17,N
13,Nightfall AI,https://www.nightfall.ai,N,https://github.com/orgs/nightfallai/repositories,16,Y
831,Butter Works,http://butter.works,N,https://github.com/orgs/butterproject/repositories,16,N
1355,Synthesis AI,http://synthesis.ai/,N,https://github.com/orgs/Synthesis-AI-Dev//repositories,16,Y
1516,Everguard.ai,https://www.everguard.ai/,N,https://github.com/orgs/everguard-inc/repositories,16,N
1540,Knowt,https://knowt.io,N,https://github.com/orgs/Knowt/repositories,16,N
1770,Tarteel,https://tarteel.ai,N,https://github.com/orgs/Tarteel-io/repositories,16,Y
1019,The Routing Company,https://theroutingcompany.com/,N,https://github.com/orgs/theroutingcompany/repositories,15,Y
1332,Deepnote,https://www.deepnote.com/,N,https://github.com/orgs/deepnote/repositories,15,Y
1572,Riley,http://riley.ai,N,https://github.com/orgs/rileyai/repositories,15,Y
1772,Source Medium,https://www.sourcemedium.com,N,https://github.com/orgs/SourceMedium//repositories,15,N
1994,Merlin,https://www.merlin.tech,N,https://github.com/orgs/NVIDIA-Merlin/repositories,15,N
815,CollectiWise,https://www.collectiwise.com,N,https://github.com/orgs/CollectiWise/repositories,14,N
1035,Orbiit,https://orbiit.ai,N,https://github.com/orgs/Orbiit/repositories,14,N
1341,Bodo.ai,https://bodo.ai/,N,https://github.com/orgs/Bodo-inc/repositories,14,N
1465,Sosivio,https://sosiv.io/,N,https://github.com/orgs/Sosivio/repositories,14,N
1637,xaana.ai,https://xaana.ai,N,https://github.com/orgs/xaana//repositories,14,Y
2479,CoCoPIE,https://www.cocopie.ai/,N,https://github.com/orgs/CoCoPIE-Group//repositories,14,Y
141,Freedom Robotics,http://www.freedomrobotics.com,N,https://github.com/orgs/freedomrobotics/repositories,13,N
203,SetSail,https://www.setsail.co,N,https://github.com/orgs/setsailco/repositories,13,N
1074,CKM Analytix,https://www.ckmanalytix.com,N,https://github.com/orgs/ckmanalytix/repositories,13,N
1400,XL8,https://XL8.ai,N,https://github.com/orgs/xl8-ai/repositories,13,N
1586,Hank AI,https://hank.ai,N,https://github.com/orgs/hank-ai/repositories,13,Y
1893,Jewel ML,https://jewelml.com,N,https://github.com/orgs/jewelml/repositories,13,N
2688,Skan Technologies,http://www.skan.io/,N,https://github.com/orgs/skan-io/repositories,13,N
2700,CoParse,https://coparse.com/,N,https://github.com/orgs/coparse-inc/repositories,13,N
2828,Growth Engine,https://growthengineai.com/,N,https://github.com/orgs/GrowthEngineAI/repositories,13,Y
310,ImmunoMind,https://immunomind.io/,N,https://github.com/orgs/immunomind/repositories,12,Y
334,SOCO.AI,https://www.soco.ai,N,https://github.com/orgs/soco-ai/repositories,12,Y
714,S20.AI,https://www.s20.ai/,N,https://github.com/orgs/s20ai/repositories,12,N
1274,"Altola, Inc.",https://altola.co,N,https://github.com/orgs/altola/repositories,12,Y
1314,Tecton,https://tecton.ai/,N,https://github.com/orgs/tecton-ai/repositories,12,N
1426,Cornelis Networks,https://cornelisnetworks.com/,N,https://github.com/orgs/cornelisnetworks//repositories,12,Y
1830,FourthBrain,http://www.fourthbrain.ai,N,https://github.com/orgs/FourthBrain/repositories,12,Y
1963,Docuvision,http://www.docuvision.ai,N,https://github.com/orgs/docuvision/repositories,12,N
2611,Digital.ai,http://www.digital.ai/,N,https://github.com/orgs/digital-ai//repositories,12,N
2732,Digital.ai,https://digital.ai,N,https://github.com/orgs/digital-ai//repositories,12,Y
8,Mutiny,https://www.mutinyhq.com,N,https://github.com/orgs/MutinyHQ/repositories,11,N
33,Sirona Medical,https://www.sironamedical.com/,N,https://github.com/orgs/SironaMedical/repositories,11,N
35,Dyno Therapeutics,https://www.dynotx.com,N,https://github.com/orgs/dynotx/repositories,11,Y
222,CurieVision,https://curie.co,N,https://github.com/orgs/curie-data-factory/repositories,11,N
266,Jobot,https://jobot.com/,N,https://github.com/orgs/teamjobot//repositories,11,Y
1085,MindStand Technologies,http://MindStand.com,N,https://github.com/orgs/mindstand/repositories,11,N
1464,Hyperspec-ai,https://hyperspec.ai,N,https://github.com/orgs/hyperspec-ai/repositories,11,Y
2018,Intercept CX,http://intercept.cx,N,https://github.com/orgs/Intercept/repositories,11,N
2378,OthersideAI,https://www.othersideai.com,N,https://github.com/orgs/OthersideAI/repositories,11,N
2422,Union.ai,https://union.ai/,N,https://github.com/orgs/unionai/repositories,11,Y
2449,Known Medicine,https://www.knownmed.com/,N,https://github.com/orgs/knownmed//repositories,11,N
175,Singularity.AI,http://www.singularity.ai/,N,https://github.com/orgs/Singularity-AI/repositories,10,N
238,Pitch Inc.,https://pitch.studio,N,https://github.com/orgs/pitch-io/repositories,10,N
300,WayLit,https://www.waylit.com,N,https://github.com/orgs/WayLit//repositories,10,Y
546,Secomind,https://secomind.ai,N,https://github.com/orgs/secomind/repositories,10,N
1201,TrainingData.io,https://www.trainingdata.io,N,https://github.com/orgs/trainingdata//repositories,10,Y
1526,Ren,https://rensystems.com/,N,https://github.com/orgs/RenSystems//repositories,10,N
1562,Shiftlab,https://shiftlab.io/,N,https://github.com/orgs/Systems-ShiftLab/repositories,10,N
1985,Modelyst,http://modelyst.com,N,https://github.com/orgs/modelyst//repositories,10,Y
2455,XTRA,https://xtravision.ai/,N,https://github.com/orgs/xtravision-ai/repositories,10,Y
2568,MajorBoost,https://www.majorboost.com/,N,https://github.com/orgs/majorboost/repositories,10,Y
123,Alan AI,https://alan.app,N,https://github.com/orgs/alan-ai/repositories,9,N
359,FounderNest,https://www.foundernest.com,N,https://github.com/orgs/foundernest/repositories,9,N
415,TopHap,https://www.tophap.com/,N,https://github.com/orgs/tophap/repositories,9,Y
509,Big Room,https://www.bigroom.tv/,N,https://github.com/orgs/BigRoom/repositories,9,N
1284,Explain.Care Inc.,https://www.explain.care,N,https://github.com/orgs/explainDev/repositories,9,N
1385,Eleos Health,https://www.eleos.health/,N,https://github.com/orgs/eleos-health//repositories,9,N
1420,Graviti,https://www.graviti.com/,N,https://github.com/orgs/Graviti-AI//repositories,9,Y
1763,PureSkill.gg,http://pureskill.gg/,N,https://github.com/orgs/pureskillgg/repositories,9,Y
2329,Brainome,http://www.brainome.ai/,N,https://github.com/orgs/brainome/repositories,9,Y
2356,Arize AI,https://arize.com,N,https://github.com/orgs/Arize-ai//repositories,9,N
2370,OtterTune,https://ottertune.com,N,https://github.com/orgs/ottertune/repositories,9,Y
2425,Greyscale AI,https://www.greyscaleai.com/,N,https://github.com/orgs/greyscaleai521//repositories,9,Y
2486,InfinStor,https://infinstor.com,N,https://github.com/orgs/infinstor//repositories,9,Y
2619,Metrolla,https://metrolla.com,N,https://github.com/orgs/Metrolla-Inc/repositories,9,Y
2803,Strio.AI,http://strio.ai/,N,https://github.com/orgs/Strio-DAO/repositories,9,N
49,Third Wave Automation,https://www.thirdwave.ai/,N,https://github.com/orgs/thirdwave-ai/repositories,8,N
358,Chronicle,https://chronicle.security/,N,https://github.com/orgs/Chronicle/repositories,8,Y
589,Harbor.ai,https://harbor.ai,N,https://github.com/orgs/harbor-ai/repositories,8,N
685,Yoyo Labs,https://www.yoyolabs.io,N,https://github.com/orgs/yoyolabsio/repositories,8,Y
785,MetaDoc,https://metadoc.ai,N,https://github.com/orgs/Metadoc/repositories,8,N
1003,AnChain.ai,https://www.AnChain.ai,N,https://github.com/orgs/AnChainAI/repositories,8,Y
1112,MeetKai,http://www.meetkai.com,N,https://github.com/orgs/MeetKai/repositories,8,N
1137,DataFleets,http://www.datafleets.com,N,https://github.com/orgs/datafleets/repositories,8,N
1193,Galliot,https://galliot.us/,N,https://github.com/orgs/galliot-us//repositories,8,Y
1221,Verdant,http://verdant.ai,N,https://github.com/orgs/VerdantAI/repositories,8,Y
1416,Sensible Weather,https://www.sensibleweather.com,N,https://github.com/orgs/SensibleWeather/repositories,8,N
1445,Tradeswell,https://www.tradeswell.com,N,https://github.com/orgs/Tradeswell//repositories,8,N
1461,Kraftful,https://www.kraftful.com/,N,https://github.com/orgs/kraftful/repositories,8,Y
1470,Sewer AI,http://www.sewerai.com,N,https://github.com/orgs/sewerai-org//repositories,8,N
1722,Alectio,https://www.alectio.com,N,https://github.com/orgs/alectio/repositories,8,Y
2055,Qimia Inc,https://www.qimia.io,N,https://github.com/orgs/qimia/repositories,8,N
2341,Centrol.io,https://www.centrol.io,N,https://github.com/orgs/centrol-io//repositories,8,N
2556,Pluto Biosciences,https://pluto.bio,N,https://github.com/orgs/pluto-biosciences//repositories,8,Y
2561,Kanari AI,https://kanari.ai/,N,https://github.com/orgs/kanari-com//repositories,8,N
2599,Hakimo,https://hakimo.ai/,N,https://github.com/orgs/hakimo-ai//repositories,8,N
2701,Pibit.ai,https://pibit.ai/,N,https://github.com/orgs/pibit-ai/repositories,8,Y
12,Pixis,https://pixis.ai/,N,https://github.com/orgs/pixisai/repositories,7,N
51,Proton.ai,https://www.proton.ai,N,https://github.com/orgs/ProtonNetwork//repositories,7,N
58,Amira Learning,https://www.amiralearning.com/,N,https://github.com/orgs/AmiraLearning/repositories,7,N
312,Augmented Radar Imaging,https://augmentedradar.com/#,N,https://github.com/orgs/augmentedradar/repositories,7,N
373,Watermark,https://www.watermarkinsights.com,N,https://github.com/orgs/WatermarkInsights/repositories,7,Y
412,Ardius,http://www.ardius.com,N,https://github.com/orgs/ardiustech/repositories,7,Y
590,Engine ML,https://www.engineml.com/,N,https://github.com/orgs/EngineML/repositories,7,N
724,Pyxis,https://pixis.ai/,N,https://github.com/orgs/pixisai/repositories,7,N
759,Carbonado Technologies Inc,https://carbonado.tech/,N,https://github.com/orgs/Carbonado/repositories,7,N
1084,Diffgram,https://diffgram.com/,N,https://github.com/orgs/diffgram/repositories,7,Y
1132,Striveworks,https://striveworks.com,N,https://github.com/orgs/Striveworks/repositories,7,Y
1317,Abacus.AI,https://abacus.ai/,N,https://github.com/orgs/abacusai/repositories,7,Y
1365,Datasaur,https://www.datasaur.ai,N,https://github.com/orgs/datasaur-ai//repositories,7,N
1394,1build,https://www.1build.com/,N,https://github.com/orgs/1build/repositories,7,Y
1473,Advocat,https://www.advocat.ai/,N,https://github.com/orgs/advocat-ai//repositories,7,N
1477,Factored,https://www.factored.ai/,N,https://github.com/orgs/factoredai/repositories,7,N
1602,NLMatics,https://www.nlmatics.com,N,https://github.com/orgs/nlmatics/repositories,7,Y
2047,Flet.ai,https://www.flet.ai,N,https://github.com/orgs/flet-dev/repositories,7,N
2326,ALO,https://alo.ai,N,https://github.com/orgs/alo-ai//repositories,7,Y
2354,Personal AI,https://personal.ai,N,https://github.com/orgs/personal-ai//repositories,7,Y
2433,Gridware,https://gridware.io,N,https://github.com/orgs/gridware//repositories,7,N
2524,Cameralyze,https://www.cameralyze.co,N,https://github.com/orgs/cameralyze/repositories,7,N
2740,Merlin Mobility,https://www.drivemerlin.com/,N,https://github.com/orgs/DriveMerlin//repositories,7,N
109,Voxie,https://www.voxie.com/,N,https://github.com/orgs/voxie/repositories,6,Y
195,FoxyAI,https://www.foxyai.com/,N,https://github.com/orgs/foxyai/repositories,6,N
378,Qokka,https://qokka.ai,N,https://github.com/orgs/Qokka/repositories,6,Y
422,Autonom8,https://autonom8.com,N,https://github.com/orgs/Autonom8/repositories,6,N
511,Talent Ticker,https://www.talentticker.ai/,N,https://github.com/orgs/TalentTicker/repositories,6,N
513,Shortest Track Company,https://shortesttrack.com/,N,https://github.com/orgs/shortesttrack/repositories,6,N
574,Bloxy.info,https://bloxy.info,N,https://github.com/orgs/Bloxy-info/repositories,6,Y
1007,Invisible AI,https://www.invisible.ai,N,https://github.com/orgs/invisible-ai/repositories,6,N
1042,Geminus.ai,https://www.geminus.ai/,N,https://github.com/orgs/Geminus-AI/repositories,6,Y
1086,LinkedAI,https://linkedai.co,N,https://github.com/orgs/LinkedAi/repositories,6,Y
1159,Botcopy,https://botcopy.com/,N,https://github.com/orgs/Botcopy/repositories,6,Y
1225,Auxin.io,https://www.auxin.io,N,https://github.com/orgs/Auxin-io/repositories,6,Y
1333,Lexion,https://www.lexion.ai/,N,https://github.com/orgs/lexionai/repositories,6,N
1342,Hayden AI,http://www.hayden.ai,N,https://github.com/orgs/haydenai/repositories,6,Y
1349,Falkon AI,http://www.falkon.ai,N,https://github.com/orgs/falkonai/repositories,6,N
1366,Continual,https://continual.ai/,N,https://github.com/orgs/continual-ai/repositories,6,Y
1392,NetSpring,https://www.netspring.io/,N,https://github.com/orgs/netspringit/repositories,6,N
1428,Atomic Industries,https://www.atomic.industries,N,https://github.com/orgs/Atomic-Industries/repositories,6,N
1452,nFlux AI,https://www.nflux.ai,N,https://github.com/orgs/nflux//repositories,6,Y
1484,Artifact,https://www.artifact.io,N,https://github.com/orgs/Artifact-io/repositories,6,Y
1493,Peoplelogic,https://peoplelogic.ai,N,https://github.com/orgs/peoplelogic//repositories,6,N
1579,Dextrous Robotics,https://www.dextrousrobotics.com,N,https://github.com/orgs/DextrousRobotics//repositories,6,N
1589,BrightHire,https://brighthire.ai/,N,https://github.com/orgs/brighthire//repositories,6,Y
1599,IoTFlows Inc,https://www.iotflows.com,N,https://github.com/orgs/iotflows//repositories,6,Y
1607,ADEx Document Intelligence,https://www.adex.ai,N,https://github.com/orgs/adexltd//repositories,6,N
1756,Strife AI,https://www.strife.ai/,N,https://github.com/orgs/Strife-AI/repositories,6,N
1775,Bunkerhill Health,http://www.bunkerhillhealth.com/,N,https://github.com/orgs/bunkerhillhealth/repositories,6,N
1822,Towards AI,https://towardsai.net/,N,https://github.com/orgs/towardsai/repositories,6,Y
1866,Constellation Analytics,https://constellationanalytics.com/,N,https://github.com/orgs/constellationanalytics/repositories,6,N
2171,<Tuple>,http://tuple.xyz,N,https://github.com/orgs/tuplexyz/repositories,6,N
2352,CopyAI,https://www.copy.ai,N,https://github.com/orgs/copy-ai/repositories,6,Y
2361,Sensible,https://www.sensible.so,N,https://github.com/orgs/sensible-hq//repositories,6,Y
2399,Metaphor,https://metaphor.io/,N,https://github.com/orgs/MetaphorData//repositories,6,Y
2695,taiy.ai,https://www.taiyo.ai,N,https://github.com/orgs/Taiyo-ai/repositories,6,N
16,NLX,https://nlx.ai,N,https://github.com/orgs/nlxai/repositories,5,Y
144,Enya.ai,https://enya.ai/,N,https://github.com/orgs/enyalabs/repositories,5,Y
190,BioTrillion,https://www.biotrillion.com,N,https://github.com/orgs/BioTrillion//repositories,5,N
256,Playform,http://www.playform.io,N,https://github.com/orgs/playform/repositories,5,N
343,Optilogic,https://optilogic.com,N,https://github.com/orgs/optilogic//repositories,5,N
795,PathBase,https://pathbase.io,N,https://github.com/orgs/PathBase//repositories,5,Y
798,Yolla,https://yollamedia.com,N,https://github.com/orgs/YollaMedia/repositories,5,N
811,"Audseb, Inc.",https://www.audseb.com,N,https://github.com/orgs/audseb/repositories,5,N
1044,Pachama,https://www.pachama.com,N,https://github.com/orgs/pachama/repositories,5,N
1087,Defynance,https://defynance.com,N,https://github.com/orgs/DefynanceGH/repositories,5,N
1344,MixMode,http://www.mixmode.ai,N,https://github.com/orgs/mixmodeai/repositories,5,Y
1432,Snorble,https://snorble.com,N,https://github.com/orgs/snorble//repositories,5,N
1649,Zumo Labs,http://zumolabs.ai,N,https://github.com/orgs/ZumoLabs/repositories,5,Y
1701,"Henkaku, LLC",https://www.henkaku.ai,N,https://github.com/orgs/henkaku//repositories,5,N
2010,EazyML,https://eazyml.com/,N,https://github.com/orgs/EazyML/repositories,5,Y
2300,Workera,https://workera.ai/,N,https://github.com/orgs/workera-ai/repositories,5,Y
2309,Moises,https://moises.ai,N,https://github.com/orgs/moises-ai/repositories,5,Y
2415,Colossyan,https://www.colossyan.com/,N,https://github.com/orgs/colossyan/repositories,5,N
2508,PredictNow.ai Inc.,https://www.predictnow.ai/,N,https://github.com/orgs/PredictNowAI//repositories,5,Y
2510,SmartHub.ai,https://www.smarthub.ai,N,https://github.com/orgs/smarthub-ai/repositories,5,N
2546,Bavard AI,https://www.bavard.ai/,N,https://github.com/orgs/bavard-ai/repositories,5,N
2548,Connectly.ai,https://www.connectly.ai,N,https://github.com/orgs/Connectly/repositories,5,N
2586,Obviously AI,https://www.obviously.ai/,N,https://github.com/orgs/ObviouslyAI/repositories,5,Y
2605,MixPose,https://mixpose.com,N,https://github.com/orgs/MixPose//repositories,5,N
2679,Giftpack,https://giftpack.ai,N,https://github.com/orgs/Giftpack/repositories,5,Y
2747,Slingshot,https://slingshot.fm,N,https://github.com/orgs/slingshot/repositories,5,Y
2786,Telepath.io,https://telepath.io,N,https://github.com/orgs/telepath-ai/repositories,5,Y
14,KoBold Metals,https://www.koboldmetals.com,N,https://github.com/orgs/KoBoldMetals/repositories,4,N
37,Mosaic,https://www.mosaicapp.com,N,https://github.com/orgs/mosaicapp/repositories,4,N
44,Amplemarket,https://amplemarket.com/,N,https://github.com/orgs/amplemarket/repositories,4,Y
70,NODAR,http://www.nodarsensor.com,N,https://github.com/orgs/nodarsensor//repositories,4,Y
75,Kizen,https://kizen.com,N,https://github.com/orgs/kizen/repositories,4,Y
81,TrustLayer,https://trustlayer.io/,N,https://github.com/orgs/trustlayer/repositories,4,Y
135,Insitro,http://www.insitro.com,N,https://github.com/orgs/insitro/repositories,4,N
197,DTonomy Inc.,https://www.dtonomy.com,N,https://github.com/orgs/DTonomy-Inc/repositories,4,Y
204,CogniCor,http://www.cognicor.com,N,https://github.com/orgs/cognicortechnologies/repositories,4,Y
231,CustomerSuccessBox,http://customersuccessbox.com,N,https://github.com/orgs/customersuccessbox/repositories,4,Y
290,Tempore,https://www.tempore.com,N,https://github.com/orgs/temporenc/repositories,4,N
502,Open Conjecture,http://openconjecture.com/,N,https://github.com/orgs/OpenConjecture/repositories,4,N
750,BLOCK id,https://www.blockid.cloud/,N,https://github.com/orgs/blockid/repositories,4,N
861,DataJet Software,https://www.datajetsoftware.com,N,https://github.com/orgs/datajetsoftware/repositories,4,N
972,Natively.ai,https://natively.ai,N,https://github.com/orgs/natively-project//repositories,4,N
1034,Rizse,https://www.rizse.io,N,https://github.com/orgs/Rizseinc/repositories,4,Y
1138,BigSpring,https://bigspring.io,N,https://github.com/orgs/bigspring-io/repositories,4,Y
1321,Rephrase.ai,https://rephrase.ai/,N,https://github.com/orgs/rephrase-ai/repositories,4,N
1322,Nayya,http://www.nayya.com,N,https://github.com/orgs/Nayya-com//repositories,4,N
1410,Synthetaic,https://www.synthetaic.com/,N,https://github.com/orgs/synthetaic/repositories,4,N
1441,Lynx MD,https://www.lynx.md,N,https://github.com/orgs/LynxMD//repositories,4,Y
1466,Pathr.ai,http://pathr.ai,N,https://github.com/orgs/pathr/repositories,4,Y
1507,KAID Health,https://www.kaidhealth.com/,N,https://github.com/orgs/KAIDHealth/repositories,4,N
1528,Infinitus Systems,https://www.infinitus.ai,N,https://github.com/orgs/infinitusai/repositories,4,Y
1533,Xailient,https://www.xailient.com/,N,https://github.com/orgs/XailientPublic//repositories,4,Y
1582,AMAI,https://amai.io/,N,https://github.com/orgs/amai-io/repositories,4,N
1621,Vouchery.io,https://www.vouchery.io,N,https://github.com/orgs/vouchery/repositories,4,Y
1739,Nuclei,https://nuclei.ai,N,https://github.com/orgs/NucleiAI/repositories,4,Y
1821,Weavr Inc.,https://weavr.ai,N,https://github.com/orgs/weavrai/repositories,4,N
1825,Marsview.ai,https://www.marsview.ai,N,https://github.com/orgs/Marsview/repositories,4,N
1850,extension.dev,https://extension.dev/,N,https://github.com/orgs/extension-dev/repositories,4,Y
1982,SHERLOC,http://www.Sherloc.ai,N,https://github.com/orgs/sherlock-project/repositories,4,N
2052,M2x.AI,http://www.M2x.ai,N,https://github.com/orgs/m2x-dev/repositories,4,N
2088,Counter Factual .AI,http://www.counterfactual.ai/,N,https://github.com/orgs/CounterFactualAI/repositories,4,N
2100,All Vision Technologies,https://www.all.vision/,N,https://github.com/orgs/all-vision//repositories,4,N
2299,Genesis Therapeutics,https://www.genesistherapeutics.ai/,N,https://github.com/orgs/genesistherapeutics/repositories,4,N
2357,retrain.ai,https://www.retrain.ai/,N,https://github.com/orgs/retrain-ai//repositories,4,N
2387,GrayMatter Robotics,https://www.graymatter-robotics.com,N,https://github.com/orgs/GrayMatter-Robotics//repositories,4,Y
2420,Datrics,https://datrics.ai/,N,https://github.com/orgs/datrics-ai/repositories,4,Y
2437,Clearbrief,https://clearbrief.com,N,https://github.com/orgs/clearbrief-inc//repositories,4,N
2526,Multiscale Technologies,https://multiscale.tech,N,https://github.com/orgs/multiscale/repositories,4,N
2624,Berryworks,https://www.berryworks.ai,N,https://github.com/orgs/BerryWorksSoftware/repositories,4,N
2650,Pangea Chat,https://www.pangeachat.com,N,https://github.com/orgs/pangeachat//repositories,4,N
2698,aiXplain,https://aixplain.com/,N,https://github.com/orgs/aixplain/repositories,4,Y
2806,Preamble,https://www.preamble.com/,N,https://github.com/orgs/preambleai//repositories,4,N
2831,Soniox,https://soniox.com,N,https://github.com/orgs/soniox/repositories,4,Y
41,Superb AI,https://www.superb-ai.com,N,https://github.com/orgs/Superb-AI-Suite/repositories,3,Y
94,Birdie,https://birdie.ai,N,https://github.com/orgs/birdie-ai/repositories,3,N
104,BlueCargo,https://www.bluecargo.io/,N,https://github.com/orgs/bluecargo/repositories,3,Y
176,Bright Machines,https://www.brightmachines.com,N,https://github.com/orgs/brightmachines//repositories,3,N
210,Jido Maps,https://www.jidomaps.com/,N,https://github.com/orgs/jidomaps/repositories,3,Y
250,Latent AI,http://latentai.com/,N,https://github.com/orgs/latentai//repositories,3,N
264,Tint.ai,https://www.tint.ai,N,https://github.com/orgs/tint-ai/repositories,3,Y
278,Around,https://www.around.co,N,https://github.com/orgs/around/repositories,3,N
317,Amplio.ai,https://www.amplio.ai/,N,https://github.com/orgs/Amplio-ai/repositories,3,N
438,Tresl,https://tresl.co/,N,https://github.com/orgs/tresl-co/repositories,3,Y
444,Quantime,https://quantime.ai,N,https://github.com/orgs/quantime/repositories,3,Y
482,Reveal Technology,https://www.revealtech.ai/,N,https://github.com/orgs/revealtech//repositories,3,N
540,Scaletech,https://www.scaletech.xyz,N,https://github.com/orgs/Team-Scaletech/repositories,3,Y
581,Augustus Intelligence,https://augustusai.com,N,https://github.com/orgs/augustusai/repositories,3,N
657,When Labs,http://www.whenlabs.com/,N,https://github.com/orgs/whenlabs/repositories,3,N
675,Opinosis Analytics,https://www.opinosis-analytics.com,N,https://github.com/orgs/opinosis-analytics/repositories,3,Y
711,Infiniwell,https://www.infiniwell.ai/,N,https://github.com/orgs/Infiniwell-ai//repositories,3,N
778,CloudCosmos,https://cloudcosmos.tech/,N,https://github.com/orgs/CloudCosmos//repositories,3,Y
992,intenseye,https://intenseye.com,N,https://github.com/orgs/intenseye/repositories,3,N
1106,Ydrive,https://ydrive.ai,N,https://github.com/orgs/ydrive/repositories,3,Y
1153,BetterHealth.ai,http://betterhealth.ai,N,https://github.com/orgs/betterhealth//repositories,3,N
1172,Veamly,https://www.veamly.com/,N,https://github.com/orgs/veamly-inc//repositories,3,Y
1316,AiDash,https://www.aidash.com,N,https://github.com/orgs/aidash/repositories,3,Y
1348,d-Matrix,https://www.d-matrix.ai/,N,https://github.com/orgs/d-matrix-ai/repositories,3,Y
1359,OxeFit,https://www.oxefit.com/,N,https://github.com/orgs/OxeFit/repositories,3,N
1363,Hopstack,https://www.hopstack.io/,N,https://github.com/orgs/hopstack-inc/repositories,3,N
1369,Daloopa,https://daloopa.ai,N,https://github.com/orgs/daloopa/repositories,3,N
1390,Bloomfield Robotics,https://bloomfield.ai,N,https://github.com/orgs/BloomfieldRobotics/repositories,3,Y
1482,XOKind,https://xokind.com/,N,https://github.com/orgs/xokind/repositories,3,N
1492,Argoid,https://argoid.ai/,N,https://github.com/orgs/Argoid/repositories,3,N
1546,Zeni,https://www.zeni.ai/,N,https://github.com/orgs/zeni-ai//repositories,3,N
1580,Tauruseer,http://tauruseer.com,N,https://github.com/orgs/tauruseer/repositories,3,Y
1583,BlueSuit,https://www.bluesuit.com,N,https://github.com/orgs/BlueSuit/repositories,3,N
1619,Borza,https://borza.com,N,https://github.com/orgs/sborza/repositories,3,N
1642,Maxwell Labs,https://www.maxwell-labs.com/,N,https://github.com/orgs/maxwell-labs//repositories,3,N
1643,Fluid Power AI,https://fluid-ai.com,N,https://github.com/orgs/Fluid-AI//repositories,3,N
1697,xiris,https://xiris.ai,N,https://github.com/orgs/xIris-Corp//repositories,3,Y
1971,Digital Analytica,http://www.digitalanalytica.net,N,https://github.com/orgs/digitalanalytica/repositories,3,N
2089,Row64,https://row64.com,N,https://github.com/orgs/Row64//repositories,3,Y
2143,Hive Forensics AI,https://hiveforensics.com,N,https://github.com/orgs/HiveForensics-AI/repositories,3,Y
2386,Credo AI,https://www.credo.ai/,N,https://github.com/orgs/Credo-AI/repositories,3,N
2405,Climavision,https://www.climavision.com,N,https://github.com/orgs/Climavision/repositories,3,N
2406,Ozette Technologies,https://ozette.ai,N,https://github.com/orgs/OzetteTech/repositories,3,N
2410,Base64.ai,https://base64.ai,N,https://github.com/orgs/base64ai//repositories,3,Y
2413,Headroom,https://www.goheadroom.com/,N,https://github.com/orgs/goheadroom//repositories,3,N
2496,Anari AI,http://anari.ai/,N,https://github.com/orgs/Anari-AI/repositories,3,Y
2557,MetaSpark Corporation,https://metaspark.io,N,https://github.com/orgs/metaspark-io/repositories,3,Y
2559,Canaery,https://www.canaery.com/,N,https://github.com/orgs/canaery/repositories,3,N
2692,Censius,https://censius.ai/,N,https://github.com/orgs/Censius/repositories,3,N
2752,Databar.ai,https://www.databar.ai,N,https://github.com/orgs/databar-ai//repositories,3,N
2794,Ai-OPs,https://www.ai-op.com,N,https://github.com/orgs/AI-OP//repositories,3,N
2797,Troopr,https://www.troopr.ai,N,https://github.com/orgs/Troopr-Production//repositories,3,N
2851,"HeartRithm, LLC",https://www.heartrithm.com,N,https://github.com/orgs/heartrithm/repositories,3,Y
2856,Y Meadows,https://ymeadows.com,N,https://github.com/orgs/ymeadows/repositories,3,Y
2867,Orma Health,https://ormahealth.com/,N,https://github.com/orgs/ormahealth//repositories,3,Y
20,Atexto,https://atexto.com,N,https://github.com/orgs/Atexto/repositories,2,N
46,Lunchclub,https://lunchclub.com,N,https://github.com/orgs/lunchclub//repositories,2,N
67,Crosschq,https://crosschq.com,N,https://github.com/orgs/CrossChq/repositories,2,N
86,Akridata,https://akridata.com,N,https://github.com/orgs/akridata-ai/repositories,2,N
88,Root AI,https://root-ai.com,N,https://github.com/orgs/root-ai/repositories,2,N
162,WeaveGrid,https://www.weavegrid.com,N,https://github.com/orgs/weavegrid/repositories,2,N
209,AdaViv,https://www.adaviv.com/,N,https://github.com/orgs/AdaViv/repositories,2,Y
228,Sapling.ai,https://sapling.ai,N,https://github.com/orgs/saplingai/repositories,2,Y
229,Codify,https://www.codify.ai/,N,https://github.com/orgs/GetCodifyAI/repositories,2,N
236,Simporter,https://www.simporter.com/,N,https://github.com/orgs/Simporter/repositories,2,N
243,Color Intelligence,https://colourlab.ai,N,https://github.com/orgs/Colourlab-Ai//repositories,2,N
272,Speeko,https://www.speeko.co/,N,https://github.com/orgs/speekoapp/repositories,2,N
333,Polysentry,https://www.polysentry.com,N,https://github.com/orgs/PolySentry//repositories,2,N
382,Custodia,https://www.custodia.ai,N,https://github.com/orgs/custodia-team//repositories,2,Y
384,GLIDER.ai,http://glider.ai,N,https://github.com/orgs/gliderai/repositories,2,N
404,Micro.ai,https://www.micro.ai/,N,https://github.com/orgs/micro-ai/repositories,2,N
459,BrdgAI,https://brdg.ai/,N,https://github.com/orgs/brdg-ai/repositories,2,N
476,Bola AI,https://www.bola.ai,N,https://github.com/orgs/Bola-AI/repositories,2,N
480,Bees360,https://www.bees360.com,N,https://github.com/orgs/bees360//repositories,2,N
508,Opplane,https://opplane.com,N,https://github.com/orgs/Opplane/repositories,2,Y
523,Dhan AI,https://www.dhan.ai/,N,https://github.com/orgs/dhan2018/repositories,2,N
536,Datics AI,http://datics.ai,N,https://github.com/orgs/datics/repositories,2,N
596,transformAI,https://transformai.com,N,https://github.com/orgs/transformAI/repositories,2,N
604,Perfect Tense,https://www.perfecttense.com,N,https://github.com/orgs/perfecttense/repositories,2,Y
644,eCourtDate,https://ecourtdate.com/,N,https://github.com/orgs/ecourtdate/repositories,2,Y
663,Clean Water AI,http://www.cleanwaterai.com,N,https://github.com/orgs/CleanWaterAI//repositories,2,N
669,Foresite.ai,https://foresite.ai,N,https://github.com/orgs/foresite-ai//repositories,2,Y
695,JetML,https://jetml.com/,N,https://github.com/orgs/jetml/repositories,2,Y
791,Mindscale.ai,https://www.mindscale.ai/,N,https://github.com/orgs/mindscale//repositories,2,N
844,Almaty Health,https://www.almatyhealth.com/,N,https://github.com/orgs/AlmatyHealth/repositories,2,N
903,Latticework Insights,https://www.latticeworkinsights.com/,N,https://github.com/orgs/LatticeworkInsights//repositories,2,Y
919,Xion,http://www.xion.ai,N,https://github.com/orgs/xion-global//repositories,2,N
986,SiMa.ai,https://sima.ai,N,https://github.com/orgs/SiMa-ai//repositories,2,N
1000,RIOS,http://www.rios.ai,N,https://github.com/orgs/rios-ai//repositories,2,N
1013,Everestlabs.AI,http://www.everestlabs.ai,N,https://github.com/orgs/everestlabsai//repositories,2,N
1038,Windsor.io,https://windsor.io/,N,https://github.com/orgs/windsorio/repositories,2,Y
1066,Epistemic AI,https://www.epistemic.ai,N,https://github.com/orgs/epistemic-ai//repositories,2,N
1071,AIxMed,https://www.aixmed.com/,N,https://github.com/orgs/AIxMed/repositories,2,Y
1092,Capture Technologies,https://capture.tech/,N,https://github.com/orgs/capturetechnologies/repositories,2,Y
1109,Wrench.AI,https://wrench.ai/,N,https://github.com/orgs/WrenchAI/repositories,2,Y
1155,Vast.ai,https://vast.ai,N,https://github.com/orgs/vast-ai/repositories,2,Y
1249,miiCloud,http://www.miicloud.io,N,https://github.com/orgs/miiCloud/repositories,2,Y
1270,Codebot AI Technologies,http://codebotai.com,N,https://github.com/orgs/CodeBotAi//repositories,2,N
1351,Kettle,http://ourkettle.com,N,https://github.com/orgs/OurKettle//repositories,2,N
1352,Akkio,https://www.akkio.com/,N,https://github.com/orgs/akkio-inc/repositories,2,N
1357,ActZero.ai,http://www.actzero.ai,N,https://github.com/orgs/actzeroai/repositories,2,Y
1358,PictorLabs,https://www.pictorlabs.ai,N,https://github.com/orgs/pictorlabs//repositories,2,N
1370,PostEra,https://postera.ai,N,https://github.com/orgs/postera-ai//repositories,2,Y
1430,NavTrac,http://www.navtrac.com/,N,https://github.com/orgs/navtrac//repositories,2,N
1455,Intelligent Racing,https://intelligentracing.com/,N,https://github.com/orgs/intelligentracing//repositories,2,Y
1539,Biocogniv,https://biocogniv.com/,N,https://github.com/orgs/biocogniv//repositories,2,N
1584,Vasitum,https://vasitum.com,N,https://github.com/orgs/VasitumInc/repositories,2,N
1740,Facel,https://facel.tech,N,https://github.com/orgs/facel-tech//repositories,2,Y
1773,Zammo.ai,https://zammo.ai/,N,https://github.com/orgs/zammo-ai/repositories,2,N
1799,Decode Health,http://decodehealth.ai/,N,https://github.com/orgs/decodehealth/repositories,2,N
1831,Repurpose.AI,https://repurpose.ai,N,https://github.com/orgs/repurpose//repositories,2,N
1853,Authentic Artists,https://www.authentic-artists.ai/,N,https://github.com/orgs/authentic-artists//repositories,2,N
1934,StreamAI,https://stream-ai.io,N,https://github.com/orgs/stream-ai/repositories,2,N
1937,AMTIL,https://amtil.co,N,https://github.com/orgs/amtiltech//repositories,2,N
2032,Abiliti,https://abiliti.co/,N,https://github.com/orgs/abilitiinc/repositories,2,Y
2339,Tallas Biotech Inc.,https://tallas.io,N,https://github.com/orgs/TallasBiotech/repositories,2,N
2360,Hebbia,http://hebbia.ai/,N,https://github.com/orgs/hebbia/repositories,2,N
2436,NyquistData,https://nyquistdata.com/,N,https://github.com/orgs/nyquistdata/repositories,2,Y
2461,Pratexo,https://pratexo.com/,N,https://github.com/orgs/pratexo/repositories,2,N
2462,Noteworthy AI,https://noteworthy.ai,N,https://github.com/orgs/noteworthy/repositories,2,N
2504,Interplai,https://interpl.ai/,N,https://github.com/orgs/Interplai/repositories,2,N
2549,GoalProfit,https://www.goalprofit.com/,N,https://github.com/orgs/GoalProfit//repositories,2,N
2554,Thumb Technologies,https://www.thumb-technologies.com,N,https://github.com/orgs/Thumb-Technologies//repositories,2,N
2579,FlashPCB,https://www.flashpcb.com/,N,https://github.com/orgs/FlashPCB//repositories,2,Y
2581,Modulus Therapeutics,https://www.modulustherapeutics.com,N,https://github.com/orgs/ModulusTherapeutics/repositories,2,N
2613,outloud.ai,https://outloud.ai/,N,https://github.com/orgs/outloudai/repositories,2,Y
2652,Shamrck,https://shamrck.com,N,https://github.com/orgs/shamrck//repositories,2,Y
2685,Hyfe,https://www.hyfe.ai/,N,https://github.com/orgs/hyfe-ai//repositories,2,N
2730,SolasAI,https://solas.ai,N,https://github.com/orgs/SolasAI//repositories,2,Y
15,ZeroEyes,https://zeroeyes.com/,N,https://github.com/orgs/ZeroEyesTech/repositories,1,N
57,ConverseNow,http://www.conversenow.ai/,N,https://github.com/orgs/conversenow//repositories,1,N
110,Virtual Facility,https://www.virtualfacility.ai,N,https://github.com/orgs/virtualfacility/repositories,1,N
116,Docugami,http://docugami.com,N,https://github.com/orgs/docugami//repositories,1,N
119,Motion2Ai,https://motion2ai.com/,N,https://github.com/orgs/motion2ai/repositories,1,Y
131,SPATE,https://spate.nyc,N,https://github.com/orgs/SPATENYC//repositories,1,Y
133,CognitOps,https://cognitops.com/,N,https://github.com/orgs/CognitOps/repositories,1,N
138,Ennoventure,https://www.ennoventure.com,N,https://github.com/orgs/Ennoventure/repositories,1,N
149,Sentropy Technologies,https://sentropy.com,N,https://github.com/orgs/sentropytechnologies//repositories,1,Y
183,Brightest,https://www.brightest.io,N,https://github.com/orgs/brightestinc/repositories,1,Y
208,Potion,http://www.potion.ai,N,https://github.com/orgs/potion-ai/repositories,1,N
214,Lingco Language Labs,http://www.lingco.io/,N,https://github.com/orgs/LingcoLanguageLabs/repositories,1,Y
226,3co,http://3co.ai,N,https://github.com/orgs/3cology/repositories,1,Y
245,SHO.ai,https://sho.ai/,N,https://github.com/orgs/Sho-ai/repositories,1,Y
257,Beagle Learning,https://en.beaglelearning.com,N,https://github.com/orgs/BeagleLearning/repositories,1,N
260,Lab Me Analytics,http://www.labme.ai/,N,https://github.com/orgs/labme/repositories,1,N
281,UnitX,https://www.unitxlabs.com,N,https://github.com/orgs/unitxlabs/repositories,1,N
291,ORBAI,https://www.orbai.ai/,N,https://github.com/orgs/ORBAI/repositories,1,N
370,HypeAuditor,http://hypeauditor.com,N,https://github.com/orgs/hypeauditor//repositories,1,N
371,Project Rnin,https://www.projectronin.com/,N,https://github.com/orgs/projectronin/repositories,1,N
391,Supportiv,http://www.supportiv.com/,N,https://github.com/orgs/Supportiv//repositories,1,N
417,Daytoday Health,https://www.daytoday.health/,N,https://github.com/orgs/daytodayhealth/repositories,1,Y
426,ALFI,https://www.getalfi.com/,N,https://github.com/orgs/getalfi/repositories,1,Y
439,OnKAI,https://onkai.co/,N,https://github.com/orgs/onKai//repositories,1,N
497,Ed Machina,https://edmachina.com,N,https://github.com/orgs/edmachina//repositories,1,N
541,Stitched Insights,https://www.stitchedinsights.com/,N,https://github.com/orgs/stitchedinsights/repositories,1,N
544,Metric.ai,http://www.metric.ai,N,https://github.com/orgs/metric-ai/repositories,1,Y
601,Hound Software,http://www.houndsoftware.net,N,https://github.com/orgs/HoundSoftware//repositories,1,N
656,Remeeting,https://remeeting.com,N,https://github.com/orgs/remeeting//repositories,1,Y
722,Gideon,https://www.gideon.legal/,N,https://github.com/orgs/gideon-legal//repositories,1,N
846,CloudSqueeze,https://www.cloudsqueeze.ai/,N,https://github.com/orgs/cloudsqueeze/repositories,1,Y
859,Brightbots,https://brightbots.co/,N,https://github.com/orgs/BrightbotsAI//repositories,1,Y
974,Daizik,https://daizika.com,N,https://github.com/orgs/daizika//repositories,1,N
1004,Healthee,https://healthee.co,N,https://github.com/orgs/GetHealthee/repositories,1,Y
1010,Boomy,https://boomy.com,N,https://github.com/orgs/boomycorp/repositories,1,Y
1016,GenesisAI,https://invest.genesisai.io/,N,https://github.com/orgs/genesisai-io/repositories,1,N
1026,Saile,https://saile.ai,N,https://github.com/orgs/saile-ai//repositories,1,N
1048,AI Insurance,https://www.aiinsurance.io/,N,https://github.com/orgs/aiinsurance//repositories,1,N
1064,Kleeen Software,https://kleeen.software,N,https://github.com/orgs/KLEEEN-SOFTWARE/repositories,1,N
1089,Caravel,http://www.caravelapp.com,N,https://github.com/orgs/CaravelApp/repositories,1,Y
1090,nyfty.ai,https://nyfty.ai,N,https://github.com/orgs/Nyfty/repositories,1,N
1100,IndustrialML,https://www.industrialml.com/,N,https://github.com/orgs/industrialml-inc/repositories,1,N
1118,Intvo,https://intvo.com,N,https://github.com/orgs/intvo/repositories,1,Y
1141,DragonflAI,https://www.dragonflai.co,N,https://github.com/orgs/DragonflAI-tech//repositories,1,N
1186,GreenData.IO,https://greendata.io,N,https://github.com/orgs/greendata-ai/repositories,1,N
1187,Encore,http://encore.hornblower.com/,N,https://github.com/orgs/hornblower/repositories,1,N
1200,Omnidya,http://www.omnidya.com/,N,https://github.com/orgs/omnidya-insurtech/repositories,1,Y
1254,Syntexys,https://syntexys.com/,N,https://github.com/orgs/Syntexys/repositories,1,Y
1282,stratEDGE App,https://www.stratedge-app.com,N,https://github.com/orgs/stratedge-app/repositories,1,Y
1313,EvolutionIQ,http://www.evolutioniq.com,N,https://github.com/orgs/EvolutionIQ/repositories,1,N
1319,Kodezi,https://kodezi.com/,N,https://github.com/orgs/Kodezi/repositories,1,Y
1340,Brightflow AI,https://www.brightflow.ai/,N,https://github.com/orgs/Brightflow-AI/repositories,1,N
1361,Entos,https://www.entos.ai/,N,https://github.com/orgs/EntosAI/repositories,1,N
1375,Agot.AI,https://agot.ai/,N,https://github.com/orgs/Agot-ai/repositories,1,N
1386,FutureFit AI,https://www.futurefit.ai/,N,https://github.com/orgs/FutureFit-ai//repositories,1,Y
1409,Auditoria.AI,https://www.auditoria.ai,N,https://github.com/orgs/Auditoria//repositories,1,N
1417,Syntegra,https://www.syntegra.io,N,https://github.com/orgs/Syntegra//repositories,1,Y
1457,HASH,https://hash.ai,N,https://github.com/orgs/Hash-AI//repositories,1,N
1462,Glacier,https://endwaste.io/,N,https://github.com/orgs/endwaste//repositories,1,N
1467,Singuli,https://singuli.co,N,https://github.com/orgs/singulico//repositories,1,Y
1499,Dresma,http://dresma.ai,N,https://github.com/orgs/dresma/repositories,1,N
1545,Orum.io,https://www.orum.io/,N,https://github.com/orgs/orum-io/repositories,1,Y
1549,Monitaur,https://www.monitaur.ai/,N,https://github.com/orgs/monitaur/repositories,1,N
1600,DataPrime,https://prime.ai/,N,https://github.com/orgs/PRIME-AI-GITHUB/repositories,1,N
1609,Oncospace,https://www.oncospace.com/,N,https://github.com/orgs/oncospace/repositories,1,N
1622,OfColor,http://www.ofcolor.com,N,https://github.com/orgs/WeAreOfColor/repositories,1,N
1624,DeepSee.ai,https://deepsee.ai/,N,https://github.com/orgs/deepseeai/repositories,1,Y
1703,Parkva,https://www.parkva.com,N,https://github.com/orgs/Parkva//repositories,1,N
1733,Hexact,https://hexact.io,N,https://github.com/orgs/HexAct/repositories,1,Y
1754,Team.ai,https://www.team.ai/,N,https://github.com/orgs/TEAM-AI/repositories,1,N
1768,Archipelo,https://archipelo.com/,N,https://github.com/orgs/Archipelo/repositories,1,Y
1777,SpeedLegal,https://speedlegal.io/,N,https://github.com/orgs/speedlegal/repositories,1,N
1790,BasicAI,http://www.basic.ai,N,https://github.com/orgs/basicai/repositories,1,Y
1803,FetchyFox,https://www.FetchyFox.com,N,https://github.com/orgs/fetchyfox/repositories,1,N
1827,ModelFront,https://modelfront.com,N,https://github.com/orgs/modelfront/repositories,1,Y
1847,WiteSand,https://www.witesand.io/,N,https://github.com/orgs/witesand/repositories,1,N
1874,Zinvest,https://www.zvstus.com,N,https://github.com/orgs/zvstus/repositories,1,N
1948,innov8.ag,https://www.innov8.ag,N,https://github.com/orgs/innov8ag//repositories,1,Y
2005,Baseet.ai,https://baseet.ai,N,https://github.com/orgs/BaseetApp//repositories,1,N
2064,Latent Sciences,https://latentsci.com/,N,https://github.com/orgs/LatentSciences//repositories,1,Y
2098,Convexa,https://convexa.ai/,N,https://github.com/orgs/convexa/repositories,1,Y
2182,Innovaite,https://www.innovaite.com/,N,https://github.com/orgs/TeamInnovAIte/repositories,1,N
2201,Aetherial & Company,https://www.aetherial.company/,N,https://github.com/orgs/aetherialco/repositories,1,N
2241,NLU Sense,https://nlusense.com,N,https://github.com/orgs/nlusense/repositories,1,Y
2253,Cardiac Patterns,https://cardiacpatterns.ai/,N,https://github.com/orgs/cardiacpatterns//repositories,1,N
2325,Zaden Technologies,https://zadentech.com,N,https://github.com/orgs/ZadenTechnologies/repositories,1,N
2340,Easy Text AI,http://EasyText.AI,N,https://github.com/orgs/easytext-ai/repositories,1,N
2353,Cardiosense,https://www.cardiosense.com,N,https://github.com/orgs/CardioSense/repositories,1,N
2355,Protopia AI,https://www.protopia.ai,N,https://github.com/orgs/protopia-ai/repositories,1,N
2369,Copysmith,http://copysmith.ai/,N,https://github.com/orgs/Copysmithai/repositories,1,N
2379,FairPlay,https://fairplay.ai/,N,https://github.com/orgs/FairPlay-AI//repositories,1,N
2381,Voxel,https://www.voxelai.com,N,https://github.com/orgs/voxelai//repositories,1,N
2402,Hammoq,http://www.hammoq.com,N,https://github.com/orgs/Hammoq-Inc/repositories,1,Y
2423,Included,https://included.ai/,N,https://github.com/orgs/included-ai//repositories,1,N
2429,Hidden Door,https://www.hiddendoor.co,N,https://github.com/orgs/HiddenDoor/repositories,1,Y
2435,Maple,https://www.growmaple.com/,N,https://github.com/orgs/growmaple/repositories,1,N
2466,CITYDATA.ai,http://citydata.ai,N,https://github.com/orgs/citydataai/repositories,1,Y
2469,Avalo,https://www.avalo.ai,N,https://github.com/orgs/avalo-ai//repositories,1,N
2488,Retisio,https://www.retisio.com/,N,https://github.com/orgs/RETISIO/repositories,1,Y
2507,Claira,https://www.claira.ai/,N,https://github.com/orgs/Claira-AI//repositories,1,N
2533,TrenderTag,https://www.trender.ai/,N,https://github.com/orgs/trenderai/repositories,1,N
2538,BeMe.ai,http://beme.ai,N,https://github.com/orgs/beme//repositories,1,N
2540,FreightFlows,https://freightflows.com,N,https://github.com/orgs/freightflows/repositories,1,N
2543,Steelhead Technologies,https://gosteelhead.com/,N,https://github.com/orgs/gosteelhead/repositories,1,Y
2562,The Collaboratory,https://thecollaboratory.ai/collaboratory/,N,https://github.com/orgs/TheCollaboratory/repositories,1,N
2570,PredictAP,https://predictap.com/,N,https://github.com/orgs/PredictAP//repositories,1,N
2659,SportAI,https://sportai.io/,N,https://github.com/orgs/sportai/repositories,1,N
2717,Akooda,https://www.akooda.co/,N,https://github.com/orgs/akooda/repositories,1,Y
2741,Masterful AI,http://www.masterfulai.com,N,https://github.com/orgs/masterfulai//repositories,1,N
2753,Filmustage,https://filmustage.com/,N,https://github.com/orgs/filmustage/repositories,1,Y
2757,Stochastic,https://www.stochastic.ai,N,https://github.com/orgs/stochasticai/repositories,1,N
2811,Nytro.ai,https://www.nytro.ai,N,https://github.com/orgs/nytro-platform/repositories,1,N
2812,CloudAEye,https://www.cloudaeye.com/,N,https://github.com/orgs/CloudAEye//repositories,1,Y
2862,Pre Health,https://www.pre.health,N,https://github.com/orgs/Pre-Health/repositories,1,N
2868,Kinisi,https://www.kinisi.ai,N,https://github.com/orgs/kinisi-labs/repositories,1,Y